변환,원자료
"2000/01","12,162,425"
"2000/02","12,676,042"
"2000/03","14,429,703"
"2000/04","13,522,040"
"2000/05","14,636,755"
"2000/06","15,250,940"
"2000/07","14,455,656"
"2000/08","14,786,880"
"2000/09","15,133,379"
"2000/10","15,248,068"
"2000/11","14,989,068"
"2000/12","14,976,555"
"2001/01","12,644,929"
"2001/02","13,354,074"
"2001/03","14,124,891"
"2001/04","12,121,110"
"2001/05","13,306,959"
"2001/06","12,931,941"
"2001/07","11,392,257"
"2001/08","11,766,192"
"2001/09","12,447,324"
"2001/10","12,086,028"
"2001/11","12,348,967"
"2001/12","11,914,472"
"2002/01","11,381,879"
"2002/02","11,023,037"
"2002/03","13,251,323"
"2002/04","13,184,534"
"2002/05","14,173,177"
"2002/06","12,894,088"
"2002/07","13,395,179"
"2002/08","13,959,110"
"2002/09","13,900,763"
"2002/10","15,084,659"
"2002/11","15,196,561"
"2002/12","15,026,217"
"2003/01","14,319,931"
"2003/02","13,337,145"
"2003/03","15,378,850"
"2003/04","15,720,592"
"2003/05","14,676,092"
"2003/06","15,656,327"
"2003/07","15,431,714"
"2003/08","15,375,268"
"2003/09","17,021,082"
"2003/10","18,929,665"
"2003/11","18,242,088"
"2003/12","19,728,688"
"2004/01","18,987,120"
"2004/02","19,136,968"
"2004/03","21,174,855"
"2004/04","21,483,357"
"2004/05","20,834,259"
"2004/06","21,657,111"
"2004/07","21,003,794"
"2004/08","19,798,969"
"2004/09","20,831,133"
"2004/10","22,663,289"
"2004/11","23,076,612"
"2004/12","23,197,206"
"2005/01","22,454,025"
"2005/02","20,401,096"
"2005/03","23,952,500"
"2005/04","22,872,505"
"2005/05","23,122,703"
"2005/06","23,707,576"
"2005/07","23,235,522"
"2005/08","23,342,967"
"2005/09","24,519,191"
"2005/10","25,352,748"
"2005/11","25,826,192"
"2005/12","25,631,716"
"2006/01","23,257,866"
"2006/02","23,786,956"
"2006/03","26,840,145"
"2006/04","25,590,123"
"2006/05","27,934,507"
"2006/06","27,948,805"
"2006/07","25,774,350"
"2006/08","27,287,195"
"2006/09","29,651,247"
"2006/10","28,015,959"
"2006/11","30,602,313"
"2006/12","28,775,383"
"2007/01","28,092,561"
"2007/02","26,225,125"
"2007/03","30,385,840"
"2007/04","29,944,456"
"2007/05","31,039,901"
"2007/06","32,000,109"
"2007/07","30,207,444"
"2007/08","30,998,134"
"2007/09","29,323,535"
"2007/10","34,433,813"
"2007/11","35,807,893"
"2007/12","33,030,276"
"2008/01","32,274,575"
"2008/02","31,178,190"
"2008/03","35,991,776"
"2008/04","37,850,247"
"2008/05","39,383,158"
"2008/06","37,258,608"
"2008/07","40,961,223"
"2008/08","36,610,603"
"2008/09","37,428,303"
"2008/10","37,111,140"
"2008/11","28,841,617"
"2008/12","27,117,889"
"2009/01","21,133,405"
"2009/02","25,397,150"
"2009/03","27,890,831"
"2009/04","30,326,509"
"2009/05","27,823,839"
"2009/06","32,210,048"
"2009/07","31,908,462"
"2009/08","28,949,627"
"2009/09","33,922,429"
"2009/10","33,970,032"
"2009/11","33,991,607"
"2009/12","36,009,623"
"2010/01","30,735,415"
"2010/02","33,039,402"
"2010/03","37,308,940"
"2010/04","39,301,014"
"2010/05","38,887,930"
"2010/06","42,049,045"
"2010/07","40,423,611"
"2010/08","36,480,955"
"2010/09","39,410,882"
"2010/10","43,340,335"
"2010/11","41,260,912"
"2010/12","44,145,320"
"2011/01","44,465,366"
"2011/02","38,467,412"
"2011/03","48,052,991"
"2011/04","48,536,725"
"2011/05","47,331,329"
"2011/06","46,736,893"
"2011/07","48,950,113"
"2011/08","45,792,061"
"2011/09","46,510,965"
"2011/10","46,613,480"
"2011/11","46,012,595"
"2011/12","47,743,725"
"2012/01","41,200,358"
"2012/02","46,316,184"
"2012/03","47,329,817"
"2012/04","46,094,754"
"2012/05","46,872,357"
"2012/06","47,162,605"
"2012/07","44,667,681"
"2012/08","43,045,181"
"2012/09","45,412,538"
"2012/10","47,087,760"
"2012/11","47,805,246"
"2012/12","44,875,311"
"2013/01","45,673,109"
"2013/02","42,331,837"
"2013/03","47,312,704"
"2013/04","46,157,925"
"2013/05","48,307,560"
"2013/06","46,690,983"
"2013/07","45,829,521"
"2013/08","46,311,341"
"2013/09","44,650,486"
"2013/10","50,480,484"
"2013/11","47,905,028"
"2013/12","47,981,456"
"2014/01","45,559,632"
"2014/02","42,911,735"
"2014/03","49,064,392"
"2014/04","50,267,448"
"2014/05","47,577,183"
"2014/06","47,827,709"
"2014/07","48,204,545"
"2014/08","46,108,370"
"2014/09","47,446,217"
"2014/10","51,630,657"
"2014/11","46,605,342"
"2014/12","49,461,377"
"2015/01","45,105,389"
"2015/02","41,472,191"
"2015/03","46,822,771"
"2015/04","46,221,931"
"2015/05","42,327,311"
"2015/06","46,554,512"
"2015/07","45,695,747"
"2015/08","39,107,399"
"2015/09","43,432,312"
"2015/10","43,352,046"
"2015/11","44,285,052"
"2015/12","42,379,843"
"2016/01","36,260,420"
"2016/02","35,924,541"
"2016/03","43,002,468"
"2016/04","41,081,553"
"2016/05","39,733,794"
"2016/06","45,209,071"
"2016/07","40,881,700"
"2016/08","40,124,791"
"2016/09","40,846,252"
"2016/10","41,983,329"
"2016/11","45,309,141"
"2016/12","45,068,880"
"2017/01","40,257,000"
"2017/02","43,166,536"
"2017/03","48,637,832"
"2017/04","50,843,799"
"2017/05","44,926,979"
"2017/06","51,272,452"
"2017/07","48,830,440"
"2017/08","47,105,569"
"2017/09","55,115,240"
"2017/10","44,791,239"
"2017/11","49,707,197"
"2017/12","49,040,139"
"2018/01","49,221,291"
"2018/02","44,523,530"
"2018/03","51,309,932"
"2018/04","49,850,235"
"2018/05","50,687,750"
"2018/06","51,079,375"
"2018/07","51,810,255"
"2018/08","51,180,449"
"2018/09","50,650,208"
"2018/10","54,860,310"
"2018/11","51,479,530"
"2018/12","48,206,793"
"2019/01","46,168,934"
"2019/02","39,481,803"
"2019/03","47,003,206"
"2019/04","48,781,156"
"2019/05","45,703,948"
"2019/06","44,008,404"
"2019/07","46,078,221"
"2019/08","44,020,065"
"2019/09","44,629,053"
"2019/10","46,648,756"
"2019/11","44,040,722"
"2019/12","45,668,341"
"2020/01","43,103,061"
"2020/02","40,911,819"
"2020/03","46,167,204"
"2020/04","36,270,183"
"2020/05","34,854,511"
"2020/06","39,214,071"
"2020/07","42,785,144"
"2020/08","39,469,231"
"2020/09","47,819,948"
"2020/10","44,818,534"
"2020/11","45,751,883"
"2020/12","51,332,449"
"2021/01","48,006,974"
"2021/02","44,706,907"
"2021/03","53,690,914"
"2021/04","51,225,991"
"2021/05","50,725,161"
"2021/06","54,778,905"
"2021/07","55,461,518"
"2021/08","53,165,104"
"2021/09","55,913,862"
"2021/10","55,660,373"
"2021/11","60,330,542"
"2021/12","60,734,117"
"2022/01","55,455,376"
"2022/02","54,155,835"
"2022/03","63,786,835"
"2022/04","57,842,816"
"2022/05","61,591,326"
"2022/06","57,679,934"
"2022/07","60,241,774"
"2022/08","56,605,950"
"2022/09","57,176,300"
"2022/10","52,428,092"
"2022/11","51,771,855"
"2022/12","54,848,666"
"2023/01","46,339,145"
"2023/02","49,994,593"
"2023/03","54,882,484"
"2023/04","49,430,879"
"2023/05","52,054,195"
"2023/06","54,297,754"
"2023/07","50,457,776"
"2023/08","51,994,074"
"2023/09","54,650,691"
"2023/10","54,989,950"
"2023/11","55,561,090"
"2023/12","57,573,193"
"2024/01","54,709,823"
"2024/02","52,076,390"
"2024/03","56,518,309"
"2024/04","56,148,299"
"2024/05","58,020,557"
"2024/06","57,341,634"
"2024/07","57,458,788"
"2024/08","57,642,924"
"2024/09","58,544,693"
"2024/10","57,500,192"
"2024/11","56,288,629"
"2024/12","61,359,250"
"2025/01","49,176,984"
"2025/02","52,292,301"
"2025/03","58,064,562"
"2025/04","58,035,745"
"2025/05","57,261,063"
"2025/06","59,833,797"
"2025/07","60,724,322"
"2025/08","58,259,332"
"2025/09","65,904,118"
"2025/10","59,511,578"
"2025/11","60,752,618"
"2025/12","69,513,624"